<?xml version="1.0" encoding="UTF-8" standalone="yes"?>
<addon id="plugin.video.uzg" name="Uitzendinggemist (NPO)" provider-name="Bas Magré (Opvolger)" version="3.5.0">
  <requires>
    <import addon="xbmc.python" version="2.25.0" />
    <import addon="script.module.inputstreamhelper" version="0.3.5" />
    <import addon="script.common.plugin.cache" version="2.5.10"/>
  </requires>
  <extension library="addon.py" point="xbmc.python.pluginsource">
    <provides>video</provides>
  </extension>
  <extension point="xbmc.addon.metadata">
    <license>GNU GENERAL PUBLIC LICENSE. Version 3, June 2007</license>
    <website>https://github.com/Opvolger</website>
    <email>Opvolger at gmail dot com</email>
    <language>nl</language>
    <platform>all</platform>
    <source>https://github.com/Opvolger/plugin.video.uzg</source>
    <summary lang="en">Uitzendinggemist (NPO) - Watch free videos from Uitzendinggemist (only with a dutch ip-address)</summary>
    <summary lang="nl">Uitzendinggemist (NPO) - Bekijk gratis videos van Uitzendinggemist (alleen met nederlands ip-adres)</summary>
    <description lang="en">Dutch Uitzendinggemist (NPO) videos NED1 / NED2 / NED3 (only with a dutch ip-address)</description>
    <description lang="nl">Uitzendinggemist (NPO), videos van NED1 / NED2 / NED3 (werkt alleen met nederlands ip-adres)</description>
  </extension>
</addon>
